{
  "threshold": 0.9759711075563678,
  "roc_auc": 0.9984603997039231,
  "pr_auc": 0.9506598392674241,
  "precision": 0.9117647058823529,
  "recall": 0.8857142857142857,
  "f1": 0.8985507246376812,
  "model_type": "LightGBM",
  "train_rows": 4000,
  "test_rows": 1000,
  "positive_rate": 0.035
}