{
  "threshold": 0.336129624389588,
  "roc_auc": 0.875,
  "pr_auc": 0.5458333333333334,
  "precision": 0.6,
  "recall": 0.75,
  "f1": 0.6666666666666666,
  "model_type": "LightGBM",
  "train_rows": 400,
  "test_rows": 100,
  "positive_rate": 0.036
}