{
  "threshold": 0.20225537113666325,
  "roc_auc": 0.7752627683197633,
  "pr_auc": 0.22459868523487217,
  "precision": 0.08566433566433566,
  "recall": 0.7,
  "f1": 0.1526479750778816,
  "model_type": "LightGBM",
  "train_rows": 8000,
  "test_rows": 2000,
  "positive_rate": 0.0351,
  "mlflow_run_id": "b6e901f80b994c5aacdcec33916650e7"
}