{
  "model_name": "fraudguard-risk-model",
  "candidate_version": "2",
  "dry_run": false,
  "approved": true,
  "failures": [],
  "thresholds": {
    "min_roc_auc": 0.6,
    "min_pr_auc": 0.03,
    "min_recall": 0.5
  },
  "metrics": {
    "roc_auc": 0.9984603997039231,
    "pr_auc": 0.9506598392674241,
    "precision": 0.9117647058823529,
    "recall": 0.8857142857142857,
    "f1": 0.8985507246376812,
    "positive_rate": 0.035
  },
  "status": "promoted"
}